Index,Area,L,Sc,N,HL,HS,k,d,I,UL,UM,UH,UF
1,8.50943,7.88231,0.00484,0.03,1.72644,0.02188,0.51752,-1.21382,0.0,0.0,0.0,0.0,0.0
