Index,Area,L,Sc,N,HL,HS,k,d,I,UL,UM,UH,UF
1,8.4693,7.52775,0.00497,0.03,1.41367,0.02546,0.51752,-1.21382,0.0,0.0,0.0,0.0,0.0
